USE SuAnimalFeliz

INSERT INTO Medicos (id_doctor, nombre, apellido, direccion, telefono, correo, tipo_pago) VALUES 
 (1, 'Elkin', 'Mosquera', 'Avenida Balboa # 9-11 Este', '3014026158', 'elkinmosquera@mail.com', 'Mensual' ),
 (2, 'Lucía', 'Castellanos', 'Calle 9a # 4F-32', '3058098317', 'lucíacastellanos@mail.com', 'Semanal' ),
 (3, 'Yolanda', 'Cantillo', 'Cr. 45S # 2N-8 Apartamento 37', '3007822140', 'yolandacantillo@mail.com', 'Mensual' ),
 (4, 'Piedad', 'Moreno', 'Carrera 63 # 1-5 Sur', '3096836112', 'piedadmoreno@mail.com', 'Hora' ),
 (5, 'Elizabeth', 'Aguilar', 'Carrera 56 # 41-54 Este Apartamento 11', '3016833667', 'elizabethaguilar@mail.com', 'Mensual' ),
 (6, 'Alberto', 'Velandia', 'Cr. 92 # 74-82 Avenida Sur', '3196794074', 'albertovelandia@mail.com', 'Hora' )

INSERT INTO Salario (id_salario, tipo_pago, cantidad_horas, cantidad_semanas, id_doctor) VALUES
 (1, 'Mensual', NULL, NULL, 1),
 (2, 'Semanal', NULL, 2, 2),
 (3, 'Mensual', NULL, NULL, 3),
 (4, 'Hora', 40, NULL, 4),
 (5, 'Mensual', NULL, NULL, 5),
 (6, 'Hora', 72, NULL, 6)


INSERT INTO Proveedores (id_proveedor, direccion, telefono, nombre_contacto, puesto_contacto) VALUES 
 (1, 'Cr. 122 # 67-37 688596 Concepción', '609500930', 'Sonia', 'Vendedor' ),
 (2, 'Calle 102 # 9R-2 Este Etapa 1', '3058206232', 'Alberto', 'Propietario' ),
 (3, 'Avenida Arroyo # 3-33 Sur', '3087949375', 'Marina', 'Vendedor' ),
 (4, 'Cl. 4a # 3-24 Este', '310579147', 'Juan', 'Propietario' )

INSERT INTO Productos (id_producto, producto, id_proveedor, precio, cantidad_actual, cantidad_minima) VALUES
 (1, 'Antibióticos', 1, 8000, 23, 6),
 (2, 'Suplementos Inyectables', 1, 3300, 24, 6),
 (3, 'Antiparasitarios', 1, 5500, 28, 7),
 (4, 'Anabólicos', 3, 5500, 6, 8),
 (5, 'Antiinflamatorios', 4, 3300, 18, 8),
 (6, 'Hormonales', 3, 3100, 20, 7),
 (7, 'Anestésicos', 4, 3100, 18, 8),
 (8, 'Nutricionales', 3, 3300, 23, 6),
 (9, 'Concentrados', 4, 8000, 7, 9),
 (10, 'Pelotas', 1, 5500, 19, 8),
 (11, 'Casas', 4, 5500, 22, 6),
 (12, 'Colchonetas', 4, 3100, 18, 7),
 (13, 'Huesos', 2, 5500, 23, 6),
 (14, 'Mantas', 2, 3100, 19, 6),
 (15, 'Mordederos', 3, 5500, 19, 5),
 (16, 'Frisbees', 3, 3100, 5, 7),
 (17, 'Correas', 1, 3300, 18, 7),
 (18, 'Collares', 2, 5500, 20, 8),
 (19, 'Bozales', 1, 8000, 22, 8),
 (20, 'Peluches', 3, 8000, 21, 5) 

INSERT INTO Pedidos (id_pedido, pedido, cantidad, fecha_entrega, id_proveedor, precios) VALUES 
 (1, 14, 16, '2022-06-12', 3, 2950 ),
 (2, 5, 13, '2022-03-10', 1, 3200 ),
 (3, 13, 17, '2022-04-9', 2, 5400 ),
 (4, 18, 10, '2022-05-21', 4, 5250 ),
 (5, 16, 19, '2022-03-25', 3, 3000 ),
 (6, 10, 11, '2022-03-7', 4, 5400 ),
 (7, 8, 11, '2022-05-19', 2, 3000 ),
 (8, 2, 11, '2022-06-13', 2, 3150 ),
 (9, 20, 11, '2022-06-9', 3, 7700 ),
 (10, 11, 13, '2022-01-20', 1, 5300 ),
 (11, 10, 11, '2022-06-22', 3, 5400 ),
 (12, 2, 12, '2022-05-6', 1, 3150 ),
 (13, 20, 15, '2022-05-17', 3, 7700 ),
 (14, 2, 19, '2022-04-16', 3, 3150 ),
 (15, 11, 15, '2022-04-8', 1, 5300 ),
 (16, 20, 11, '2022-04-23', 3, 7700 ),
 (17, 4, 10, '2022-06-20', 4, 5200 ),
 (18, 10, 13, '2022-04-16', 2, 5400 ),
 (19, 19, 11, '2022-04-4', 2, 7850 ),
 (20, 16, 10, '2022-06-25', 4, 3000 ),
 (21, 16, 16, '2022-03-26', 4, 3000 ),
 (22, 11, 13, '2022-05-17', 4, 5300 ),
 (23, 2, 13, '2022-03-8', 1, 3150 ),
 (24, 17, 18, '2022-05-27', 4, 3150 ),
 (25, 8, 14, '2022-04-7', 4, 3000 ),
 (26, 20, 10, '2022-04-23', 3, 7700 ),
 (27, 17, 18, '2022-02-2', 2, 3150 ),
 (28, 6, 16, '2022-06-6', 3, 3000 ),
 (29, 6, 14, '2022-01-25', 2, 3000 ),
 (30, 20, 19, '2022-01-15', 1, 7700 ),
 (31, 3, 15, '2022-06-26', 4, 3150 ),
 (32, 3, 16, '2022-06-27', 3, 3150 ),
 (33, 18, 11, '2022-04-4', 4, 5250 ),
 (34, 3, 13, '2022-05-16', 4, 3150 ),
 (35, 20, 18, '2022-03-20', 4, 7700 ),
 (36, 5, 10, '2022-01-7', 3, 3200 ),
 (37, 18, 12, '2022-04-26', 1, 5250 ),
 (38, 12, 13, '2022-04-9', 3, 3000 ),
 (39, 17, 10, '2022-04-3', 2, 3150 ),
 (40, 7, 18, '2022-06-17', 2, 2900 ),
 (41, 19, 14, '2022-02-1', 1, 7850 ),
 (42, 20, 16, '2022-02-27', 1, 7700 ),
 (43, 18, 16, '2022-03-23', 3, 5250 ),
 (44, 15, 16, '2022-03-20', 4, 5200 ),
 (45, 11, 18, '2022-03-9', 2, 5300 ),
 (46, 6, 15, '2022-05-22', 1, 3000 ),
 (47, 4, 10, '2022-06-12', 2, 5200 ),
 (48, 11, 18, '2022-05-4', 3, 5300 ),
 (49, 5, 18, '2022-06-20', 3, 3200 ),
 (50, 4, 17, '2022-02-4', 4, 5200 ) 

INSERT INTO Veterinaria (id_servicio, tipo_servicio, dias_internado, id_doctor, id_producto, id_pedido) VALUES 
 (1, 'consulta externa', NULL, 1, 5, 9 ),
 (2, 'ventas de productos', NULL, 6, 11, 4 ),
 (3, 'ventas de productos', NULL, 3, 6, 9 ),
 (4, 'visitas a domicilio', NULL, 5, 11, 10 ),
 (5, 'consulta externa', NULL, 2, 1, 14 ),
 (6, 'visitas a domicilio', NULL, 5, 3, 4 ),
 (7, 'consulta externa', NULL, 6, 3, 4 ),
 (8, 'ventas de productos', NULL, 1, 4, 4 ),
 (9, 'visitas a domicilio', NULL, 6, 4, 10 ),
 (10, 'ventas de productos', NULL, 2, 20, 16 ),
 (11, 'servicio de internamiento', 3, 2, 7, 5 ),
 (12, 'consulta externa', NULL, 4, 1, 15 ),
 (13, 'consulta externa', NULL, 4, 4, 9 ),
 (14, 'servicio de internamiento', 2, 5, 17, 19 ),
 (15, 'ventas de productos', NULL, 2, 20, 15 ),
 (16, 'visitas a domicilio', NULL, 5, 14, 1 ),
 (17, 'consulta externa', NULL, 4, 19, 1 ),
 (18, 'consulta externa', NULL, 6, 16, 13 ),
 (19, 'visitas a domicilio', NULL, 3, 20, 1 ),
 (20, 'consulta externa', NULL, 1, 13, 10 ) 

INSERT INTO Clientes (id_cliente, nombre_cliente, tipo, fecha_nacimiento, nombre_dueño, cedula_dueño, direccion_dueño, telefono_dueño, id_servicio) VALUES
 (1, 'Fonso', 'Gato', '2020-06-12', 'Alfonso', '1056156058', 'Carrera 17 Bis B # 66-43', '3033030954', 10 ),
 (2, 'Stuart', 'Gato', '2020-04-22', 'Stiven', '1141281375', 'Calle 9a # 62-2 Este Apto. 9', '3186028527', 2 ),
 (3, 'Linda', 'Gato', '2019-11-11', 'Lida', '91472984', 'Calle 1K Este # 38-5', '3227214288', 13 ),
 (4, 'Negro', 'Perro', '2021-08-12', 'Martha', '1139707199', 'Cl. 192 Bis # 43-57', '3244715846', 13 ),
 (5, 'Mateo', 'Perro', '2020-04-11', 'José', '1026872676', 'Calle 145 # 72-6 Sur 153281', '3135161773', 12 ),
 (6, 'Miel', 'Gato', '2019-02-10', 'José', '1020541761', 'Cl. 52 # 5-7 Este 189026', '36558836', 12 ),
 (7, 'Milo', 'Gato', '2020-04-18', 'Augusto', '7756680', 'Av. carrera 20 # 5-46 Etapa', '3007484152', 7 ),
 (8, 'Saul', 'Perro', '2019-12-15', 'Lucy', '1094166339', 'Calle 95 # 5-8 Etapa 1', '3254878199', 4 ),
 (9, 'Romeo', 'Perro', '2019-07-27', 'Doris', '9990401', 'Calle 157J # 4-8 Local 8', '3123755040', 18 ),
 (10, 'Erik', 'Hamster', '2020-08-22', 'Eduardo', '1069156130', 'Cl. 128 # 94N-51 Sur 250543', '3153219087', 1 ),
 (11, 'Cosmo', 'Perro', '2021-05-6', 'Alberto', '1051506804', 'Calle 95 # 57-90 Sur 259970', '3211522396', 15 ),
 (12, 'Emiro', 'Perro', '2018-04-16', 'Emiro', '1068825192', 'Cr. 1a # 8K-67 Este 155652', '3088791272', 8 ),
 (13, 'Nohora', 'Hamster', '2019-06-16', 'Nohora', '4562423', 'Avenida A # 6P-8 Este 542601', '3154252426', 13 ),
 (14, 'Ruby', 'Hamster', '2018-02-2', 'Ruby', '1089093011', 'Avenida calle 47 # 11-4 Etapa', '3086763688', 17 ),
 (15, 'Leo', 'Perro', '2020-08-15', 'Alfonso', '1056156058', 'Carrera 17 Bis B # 66-43', '3033030954', 11 ),
 (16, 'Tom', 'Gato', '2021-11-27', 'Alba', '1111493938', 'Carrera 152 # 2-6 Este Bodega', '307100376', 12 ),
 (17, 'Tobby', 'Perro', '2021-02-21', 'Diego', '1190130883', 'Carrera 141 # 1-8 815149 Cravo', '3003850638', 12 ),
 (18, 'Coco', 'Perro', '2020-11-14', 'José', '1026872676', 'Calle 145 # 72-6 Sur 153281', '3135161773', 13 ),
 (19, 'Dino', 'Hamster', '2016-10-22', 'Vanessa', '1129246556', 'Calle 3a # 93G-7 Sur 257642', '3092164589', 17 ),
 (20, 'Max', 'Perro', '2021-06-14', 'José', '1038720989', 'Carrera 143 # 14-7 Sur 709416', '3004195611', 4 ) 

INSERT INTO Expediente (id_expediente, fecha_visita, id_doctor, id_servicio, id_producto, id_cliente) VALUES
 (1, '2022-05-18 ', 4, 12, 18, 18 ),
 (2, '2022-03-2 ', 3, 12, 4, 4 ),
 (3, '2022-02-14 ', 3, 1, 18, 11 ),
 (4, '2022-02-5 ', 3, 16, 3, 8 ),
 (5, '2022-03-28 ', 2, 6, 12, 20 ),
 (6, '2022-06-4 ', 2, 2, 16, 8 ),
 (7, '2022-02-5 ', 4, 17, 7, 3 ),
 (8, '2022-04-17 ', 2, 19, 2, 8 ),
 (9, '2022-04-7 ', 5, 18, 10, 1 ),
 (10, '2022-02-28 ', 3, 4, 9, 18 ),
 (11, '2022-04-24 ', 6, 3, 10, 11 ),
 (12, '2022-02-17 ', 5, 20, 18, 17 ),
 (13, '2022-03-28 ', 6, 20, 19, 17 ),
 (14, '2022-03-20 ', 1, 18, 16, 18 ),
 (15, '2022-05-24 ', 6, 14, 4, 6 ),
 (16, '2022-05-15 ', 4, 9, 7, 5 ),
 (17, '2022-06-14 ', 1, 11, 17, 17 ),
 (18, '2022-04-16 ', 1, 18, 3, 11 ),
 (19, '2022-04-2 ', 1, 5, 5, 15 ),
 (20, '2022-05-8 ', 1, 4, 9, 12 ),
 (21, '2022-04-23 ', 5, 17, 6, 1 ),
 (22, '2022-04-1 ', 5, 17, 12, 18 ),
 (23, '2022-06-8 ', 2, 4, 2, 14 ),
 (24, '2022-05-13 ', 1, 6, 15, 2 ),
 (25, '2022-03-20 ', 6, 13, 14, 4 ),
 (26, '2022-04-1 ', 4, 8, 12, 12 ),
 (27, '2022-06-11 ', 2, 8, 12, 11 ),
 (28, '2022-05-11 ', 2, 18, 5, 19 ),
 (29, '2022-05-20 ', 3, 10, 7, 17 ),
 (30, '2022-03-13 ', 1, 1, 7, 3 ),
 (31, '2022-02-11 ', 2, 8, 15, 15 ),
 (32, '2022-02-9 ', 5, 11, 2, 19 ),
 (33, '2022-03-21 ', 2, 16, 4, 11 ),
 (34, '2022-01-27 ', 1, 4, 4, 9 ),
 (35, '2022-06-26 ', 3, 13, 1, 10 ),
 (36, '2022-03-9 ', 6, 1, 11, 20 ),
 (37, '2022-03-5 ', 5, 1, 8, 2 ),
 (38, '2022-04-23 ', 6, 3, 4, 11 ),
 (39, '2022-04-12 ', 2, 16, 2, 15 ),
 (40, '2022-03-12 ', 2, 3, 11, 10 ),
 (41, '2022-05-19 ', 5, 19, 20, 6 ),
 (42, '2022-02-12 ', 4, 16, 11, 18 ),
 (43, '2022-04-2 ', 6, 5, 2, 10 ),
 (44, '2022-01-10 ', 5, 8, 11, 9 ),
 (45, '2022-02-10 ', 2, 4, 3, 17 ),
 (46, '2022-02-24 ', 2, 3, 13, 9 ),
 (47, '2022-06-21 ', 3, 10, 9, 7 ),
 (48, '2022-02-23 ', 6, 12, 20, 8 ),
 (49, '2022-05-10 ', 2, 15, 14, 4 ),
 (50, '2022-01-22 ', 4, 9, 13, 16 )